{"cameraMode":{"drawMode":0,"name":"Shaded","section":"Shading Mode"},"sceneLighting":false,"audioPlay":false,"sceneViewState":{"showFog":true,"showMaterialUpdate":false,"showSkybox":false,"showFlares":true,"showImageEffects":true,"showParticleSystems":true},"in2DMode":false,"pivot":{"x":-0.02743159607052803,"y":0.1856047511100769,"z":-0.02292373776435852},"rotation":{"x":-0.29032498598098757,"y":-0.6546410322189331,"z":-0.6292216777801514,"w":0.30205318331718447},"size":0.18068701028823853,"orthographic":false}