{"cameraMode":{"drawMode":0,"name":"Shaded","section":"Shading Mode"},"sceneLighting":false,"audioPlay":false,"sceneViewState":{"showFog":true,"showMaterialUpdate":false,"showSkybox":false,"showFlares":true,"showImageEffects":true,"showParticleSystems":true},"in2DMode":false,"pivot":{"x":-0.036953404545784,"y":0.004931159317493439,"z":-0.02212589606642723},"rotation":{"x":-0.14540626108646394,"y":-0.7952646017074585,"z":-0.21036730706691743,"w":0.5496878623962402},"size":0.12978388369083405,"orthographic":false}